순위,채널명,카테고리,구독자수,조회수,비디오수
1,BLACKPINK,음악/댄스/가수,91300000,33206830000,567
2,BANGTANTV,음악/댄스/가수,76400000,21348920000,2330
3,HYBE LABELS,음악/댄스/가수,72700000,29979900000,1428
4,SMTOWN,음악/댄스/가수,32100000,27856680000,4227
5,JYP Entertainment,음악/댄스/가수,27800000,20510660000,1833
6,Boram Tube Vlog [보람튜브 브이로그],키즈/어린이,26500000,11052880000,223
7,1MILLION Dance Studio,음악/댄스/가수,26200000,7970680000,6062
8,1theK (원더케이),음악/댄스/가수,24600000,24210180000,19215
9,Alan Becker,미분류,24200000,5788970000,172
10,Mnet K-POP,음악/댄스/가수,20600000,15290160000,33802
11,KBS WORLD TV,TV/방송,19200000,15380890000,65845
12,officialpsy,음악/댄스/가수,18200000,10860150000,131
13,Jane ASMR 제인,음식/요리/레시피,17800000,7329490000,1942
14,JFlaMusic,음악/댄스/가수,17500000,3823710000,333
15,TWICE,음악/댄스/가수,16300000,5311870000,1228
16,Hongyu ASMR 홍유,음식/요리/레시피,15200000,5193420000,651
17,BIGBANG,음악/댄스/가수,15100000,7948030000,776
19,GH'S,미분류,14600000,10346600000,583
18,서은일상이야기,키즈/어린이,14600000,600450000,366
20,Boram Tube ToysReview [보람튜브 토이리뷰],키즈/어린이,14500000,5024920000,626
21,승비니 Seungbini,미분류,14400000,10618610000,694
22,Stray Kids,음악/댄스/가수,14100000,3708440000,871
23,BIBO와 장난감,키즈/어린이,12900000,3197540000,194
24,[햄지]Hamzy,음식/요리/레시피,11800000,4071540000,693
25,CRAZY GREAPA,미분류,11400000,9346530000,839
26,핑크퐁 (인기 동요・동화),키즈/어린이,11200000,7214300000,3272
27,TOMORROW X TOGETHER OFFICIAL,음악/댄스/가수,11100000,1577070000,1687
29,토이몽 TV - ToyMong Tv,키즈/어린이,11000000,4518000000,1379
28,DuDuPopTOY,키즈/어린이,11000000,5107410000,2653
30,Stone Music Entertainment,음악/댄스/가수,10700000,9680530000,10529
31,MBCkpop,TV/방송,10500000,9194750000,47423
33,쏘영 Ssoyoung,음식/요리/레시피,10200000,1732990000,858
32,SEVENTEEN,음악/댄스/가수,10200000,4569100000,1648
34,Larva TUBA,키즈/어린이,10000000,4553810000,2130
35,EXO,음악/댄스/가수,9540000,1035980000,465
36,M2,TV/방송,9420000,8532480000,20951
37,Boram Tube [宝蓝和朋友们],키즈/어린이,9360000,2538150000,505
38,서은이야기[SeoeunStory],키즈/어린이,9330000,1832520000,1201
39,문복희 Eat with Boki,음식/요리/레시피,9240000,2625010000,758
40,Mnet TV,음악/댄스/가수,9070000,11733920000,22569
41,Serie A,해외,8990000,3580420000,26257
42,MBCentertainment,뉴스/정치/사회,8980000,17115780000,99806
43,iKON,음악/댄스/가수,8790000,2593120000,663
44,tzuyang쯔양,음식/요리/레시피,8760000,2106350000,585
45,이지금 [IU Official],음악/댄스/가수,8700000,2245120000,195
46,ITZY,음악/댄스/가수,8600000,2350770000,1257
47,ENHYPEN,음악/댄스/가수,8520000,1493720000,996
48,KBS Kpop,TV/방송,8150000,7656610000,41404
49,JTBC Entertainment,뉴스/정치/사회,7710000,11957320000,81011
50,스브스케이팝 X INKIGAYO,TV/방송,7690000,6176920000,33952
51,MariAndKids,키즈/어린이,7630000,2252070000,698
52,YG ENTERTAINMENT,음악/댄스/가수,7610000,1958070000,411
53,야미보이 Yummyboy,음식/요리/레시피,7510000,3145970000,1078
54,SonicToy소닉토이,키즈/어린이,7260000,3156860000,170
55,TREASURE (트레저),음악/댄스/가수,7240000,2301680000,877
56,미니특공대TV,키즈/어린이,7140000,4002890000,1475
57,Sungha Jung,음악/댄스/가수,7110000,1971840000,1393
58,NLE CHOPPA,미분류,7010000,2700890000,554
59,MAMAMOO,음악/댄스/가수,6970000,2435330000,856
60,5 분 Tricks,음식/요리/레시피,6940000,2908450000,4777
61,(G)I-DLE (여자)아이들 (Official YouTube Channel),음악/댄스/가수,6890000,3504160000,772
62,ALL THE K-POP,음악/댄스/가수,6870000,4612940000,28170
63,SBS Entertainment,TV/방송,6840000,8986070000,227994
64,YouTube Originals,회사/오피셜,6760000,646310000,477
65,tvN drama,TV/방송,6740000,7935940000,54991
66,SBS Drama,TV/방송,6680000,7500180000,346674
67,[장난감티비]TOYTV,키즈/어린이,6650000,3030430000,1739
68,With Kids Playground [위드키즈 놀이터],키즈/어린이,6500000,2364170000,528
69,Samsung,회사/오피셜,6480000,1500190000,1927
70,NCT DREAM,음악/댄스/가수,6470000,1475070000,683
71,Rosesarerosie,음악/댄스/가수,6420000,87840000,10
72,GOT7,음악/댄스/가수,6250000,916090000,579
73,미니팡TV,키즈/어린이,6110000,3916610000,959
74,NCT,음악/댄스/가수,6080000,1010570000,808
75,starshipTV,음악/댄스/가수,6070000,4274540000,2172
76,PONY Syndrome,패션/미용,5970000,343800000,241
77,백종원 PAIK JONG WON,음식/요리/레시피,5960000,997430000,565
78,PinkyPopTOY,키즈/어린이,5780000,1009970000,827
79,영국남자 Korean Englishman,BJ/인물/연예인,5740000,2076800000,555
80,채널 십오야,TV/방송,5720000,1663550000,923
81,NewJeans,미분류,5700000,2117500000,358
83,MayTree,미분류,5660000,1267330000,235
82,2NE1,음악/댄스/가수,5660000,2338700000,321
84,스위트티비 SweetTV,키즈/어린이,5560000,2875350000,436
85,TOY GUMA,키즈/어린이,5460000,1813370000,396
86,푸메Fume,음식/요리/레시피,5450000,1237120000,710
87,베이비버스 -인기 동요・동화,키즈/어린이,5400000,3901520000,1745
88,SBS NOW / SBS 공식 채널,뉴스/정치/사회,5380000,6073560000,25496
89,NCT 127,음악/댄스/가수,5340000,989250000,560
91,Red Velvet,음악/댄스/가수,5330000,1392610000,298
90,BT21,음악/댄스/가수,5330000,501130000,413
92,콩순이 Kongsuni,키즈/어린이,5260000,5067290000,1484
93,KBS Entertain,TV/방송,5240000,9391650000,121039
94,ASTRO 아스트로,음악/댄스/가수,5230000,684890000,648
95,[Awesome Haeun]어썸하은,BJ/인물/연예인,5160000,877990000,521
96,뽀로로(Pororo),키즈/어린이,5140000,7094090000,4318
98,팀일루션 노성율 - TEAM1LLUSION,미분류,5000000,5378440000,747
97,MBCdrama,TV/방송,5000000,5911510000,61346
101,매일맛나 delicious day,미분류,4940000,524640000,364
100,EA SPORTS FC,게임,4940000,875590000,814
99,떵개떵,음식/요리/레시피,4940000,3058600000,5030
102,CoCosToy 꼬꼬스토이,키즈/어린이,4870000,3171970000,744
104,SBS TV동물농장x애니멀봐,애완/반려동물,4860000,4758210000,4504
103,Cooking tree 쿠킹트리,음식/요리/레시피,4860000,513060000,1634
105,ToyMart TV,키즈/어린이,4850000,1998780000,758
106,까니짱 [ G-NI : 蟹ちゃん],음식/요리/레시피,4810000,1452060000,826
107,JTBC Drama,TV/방송,4800000,5406620000,29041
108,STUDIO CHOOM [스튜디오 춤],음악/댄스/가수,4760000,2739520000,1774
109,행복지수 103%,미분류,4680000,54380000,16
110,딩고 뮤직 / dingo music,TV/방송,4640000,2063530000,2117
111,JaeYeol ASMR 재열,취미/라이프,4520000,1415850000,1296
112,tvN D ENT,TV/방송,4500000,9931460000,30390
113,채널 NCT DAILY,TV/방송,4470000,861840000,467
114,Walt Disney Studios,미분류,4460000,1967420000,1468
116,소맥거핀,게임,4450000,1808180000,327
115,Raon,음악/댄스/가수,4450000,1171800000,447
117,하루한끼 one meal a day,음식/요리/레시피,4380000,477290000,225
118,ZOEY ASMR 조이,음식/요리/레시피,4370000,1192750000,895
119,슈슈토이 ShushuToysReview,키즈/어린이,4320000,1427680000,495
120,Juventus,미분류,4220000,993000000,4412
121,ARTBEAT,BJ/인물/연예인,4190000,1535630000,3030
122,키즈팡TV,키즈/어린이,4160000,2512610000,2235
124,[Dorothy]도로시,음식/요리/레시피,4150000,1051860000,964
123,허팝Heopop,BJ/인물/연예인,4150000,3928730000,2214
125,로미유 스토리 Romiyu Story,키즈/어린이,4130000,380220000,260
126,YTN,뉴스/정치/사회,4100000,11726080000,705898
127,WINNER,음악/댄스/가수,4070000,1495260000,631
128,English Singsing,키즈/어린이,4020000,888250000,1357
129,워크맨-Workman,TV/방송,3970000,1135560000,366
131,옐언니,TV/방송,3940000,2819950000,869
130,TV-People,TV/방송,3940000,4813480000,21096
133,KBS Drama,TV/방송,3930000,5431750000,133455
132,제이제이 튜브 [JJ Tube],키즈/어린이,3930000,2581210000,515
134,tvN,TV/방송,3910000,6605000000,85395
135,푸드킹덤 Food Kingdom,음식/요리/레시피,3890000,1850920000,1190
136,LE SSERAFIM,미분류,3860000,1670140000,632
137,Jessi,음악/댄스/가수,3840000,900410000,60
138,JTBC Voyage,TV/방송,3810000,5145080000,12215
140,유니가치 YuniGachi,키즈/어린이,3800000,78830000,78
139,크림히어로즈,애완/반려동물,3800000,1673510000,1094
141,Lime Tube[라임튜브],키즈/어린이,3790000,2899130000,2277
142,EVANS,키즈/어린이,3780000,40000,9
145,SBS 뉴스,뉴스/정치/사회,3750000,8290480000,190930
143,헤이지니 Hey Jini,키즈/어린이,3750000,2874990000,1625
146,Billboard,회사/오피셜,3740000,1447700000,9544
144,MBCNEWS,뉴스/정치/사회,3740000,12662720000,204377
147,drawholic,취미/라이프,3730000,505070000,401
148,waveya 2011,BJ/인물/연예인,3720000,1406600000,818
150,Like Nastya Collections,키즈/어린이,3680000,1058510000,550
149,백현 Baekhyun,음악/댄스/가수,3680000,49670000,18
151,Chihun ASMR 치훈,음식/요리/레시피,3670000,830160000,751
152,KARD,음악/댄스/가수,3660000,790950000,487
153,Milana FamilyShow[EN],키즈/어린이,3640000,1093200000,118
154,FC Bayern München,미분류,3600000,1460170000,5458
155,장삐쭈,영화/만화/애니,3590000,1920740000,545
157,옛드 : MBC 레전드 드라마,TV/방송,3580000,6590100000,45393
156,imlisarhee,음악/댄스/가수,3580000,588520000,756
158,Boram y Juguetes,키즈/어린이,3540000,860480000,462
160,ATEEZ,TV/방송,3510000,692540000,1114
159,JOLLY,BJ/인물/연예인,3510000,987950000,657
161,Bleacher Report,미분류,3490000,2701120000,10840
162,THEBLACKLABEL,음악/댄스/가수,3480000,1132760000,164
163,Boys Playtime,키즈/어린이,3440000,1566790000,675
164,EBSDocumentary (EBS 다큐),TV/방송,3410000,3397140000,37070
165,EBS 키즈,키즈/어린이,3380000,4649440000,21895
166,솔라시도 solarsido,TV/방송,3370000,253400000,405
169,차린건 쥐뿔도 없지만,미분류,3330000,305720000,36
168,JAY PARK,음악/댄스/가수,3330000,1189040000,228
167,사나고 Sanago,취미/라이프,3330000,594860000,188
170,럭키강이 LuckyKang i,키즈/어린이,3290000,1529070000,1589
171,리월드RIWORLD,키즈/어린이,3280000,1369170000,214
173,유디티TV,음식/요리/레시피,3240000,701100000,1168
172,보겸TV,BJ/인물/연예인,3240000,2737890000,8927
174,odg,취미/라이프,3220000,723330000,253
175,Louis Vuitton,미분류,3170000,532420000,641
176,꼬마버스 타요,키즈/어린이,3150000,2448480000,3122
177,Bob ToysReview,키즈/어린이,3140000,1328140000,201
180,HyunA,음악/댄스/가수,3130000,617570000,83
179,런닝맨 - 스브스 공식 채널,TV/방송,3130000,5035130000,55550
178,Adventure Story,키즈/어린이,3130000,1827490000,3984
181,TVCHOSUN - TV조선,뉴스/정치/사회,3120000,5348470000,88921
183,BABYMONSTER,미분류,3100000,436420000,46
182,MariAndToys,키즈/어린이,3100000,830000,71
185,피지컬갤러리,스포츠/운동,3090000,856150000,933
184,지무비 : G Movie,영화/만화/애니,3090000,1357360000,537
186,애정 Aejeong,음식/요리/레시피,3080000,619990000,692
187,SBS Catch,뉴스/정치/사회,3050000,3449950000,6072
189,Thankyou BUBU,취미/라이프,3030000,605400000,134
188,흥삼이네 Heungsam's Family,음식/요리/레시피,3030000,1640870000,1819
190,FRAN,음식/요리/레시피,3020000,1119790000,1839
191,JTBC News,뉴스/정치/사회,2990000,7348160000,177830
194,디글 :Diggle,TV/방송,2980000,6708030000,35049
193,MariAndFriends,키즈/어린이,2980000,2239900000,2220
192,총몇명,영화/만화/애니,2980000,1365950000,490
195,AKMU,음악/댄스/가수,2950000,1068770000,186
197,IVE,미분류,2940000,1347390000,486
196,지현꿍,음식/요리/레시피,2940000,310290000,162
199,김종국 GYM JONG KOOK,스포츠/운동,2930000,329170000,154
198,CheezeFilm,영화/만화/애니,2930000,1036250000,406
200,GIRLS' GENERATION,음악/댄스/가수,2920000,467400000,130
201,Pan K's The Pancake Artist,취미/라이프,2900000,984420000,654
202,International Couple[사샤와 제이],BJ/인물/연예인,2890000,461480000,228
203,새송 Saesong,음악/댄스/가수,2880000,326070000,260
204,양수빈,음식/요리/레시피,2860000,539620000,412
206,The Wiggles - Kids Songs and Nursery Rhymes,해외,2790000,3855610000,829
205,슈카월드,교육/강의,2790000,798270000,1484
207,나도Nado,음식/요리/레시피,2780000,844940000,948
208,짤툰,영화/만화/애니,2760000,2372370000,1590
209,쿠킹하루 Cooking Haru :),미분류,2720000,340780000,193
210,숏박스,미분류,2690000,558290000,106
212,진용진,BJ/인물/연예인,2680000,997430000,573
211,한세 HANSE,음식/요리/레시피,2680000,456930000,702
214,THE K-POP,음악/댄스/가수,2640000,964900000,14082
213,ASMR PPOMO,취미/라이프,2640000,809670000,612
215,"토닥토닥 꼬모 - 애니메이션, 동요, 놀이",키즈/어린이,2630000,3258810000,1244
218,Stray Kids Japan Official YouTube,미분류,2620000,369530000,218
217,키에커,TV/방송,2620000,1184470000,322
216,흔한남매,BJ/인물/연예인,2620000,3225490000,1184
219,Christian Dior,미분류,2610000,677590000,1357
221,KQ ENTERTAINMENT,음악/댄스/가수,2590000,1314450000,653
220,보라미TV BoramiTV,키즈/어린이,2590000,910880000,626
222,식탁일기 table diary,미분류,2580000,365640000,210
225,MONSTA X,음악/댄스/가수,2560000,552990000,708
224,ROOKIE MING 루키밍,미분류,2560000,1552910000,915
223,채널A 캔버스,뉴스/정치/사회,2560000,3624570000,44474
226,스브스 예능맛집,TV/방송,2540000,2442390000,4838
227,KBS News,뉴스/정치/사회,2530000,5585640000,270170
228,1분요리 뚝딱이형,미분류,2510000,1206740000,972
229,OfficialGDRAGON,음악/댄스/가수,2490000,209870000,3
230,SHINee,음악/댄스/가수,2480000,419660000,432
231,[Nareum_TV] 나름TV,음식/요리/레시피,2470000,875120000,956
232,Kep1er,미분류,2450000,698190000,622
234,미지우 MEJIWOO,패션/미용,2440000,50110000,72
233,대생 Daesaeng,BJ/인물/연예인,2440000,1930870000,2042
236,뽀송한 준_bosungjun,미분류,2430000,266430000,384
235,디글 클래식 :Diggle Classic,뉴스/정치/사회,2430000,6271700000,38147
237,PLAYLIST ORIGINALS 플레이리스트 오리지널,TV/방송,2420000,1092670000,892
239,Sony Music (Japan),미분류,2410000,3068120000,3944
238,ITSub잇섭,IT/기술/컴퓨터,2410000,983090000,1103
240,ToyFamily,키즈/어린이,2370000,340000,36
242,ToytubeTV 토이튜브TV,키즈/어린이,2360000,292920000,133
241,엔조이커플enjoycouple,BJ/인물/연예인,2360000,1092040000,799
245,피식대학Psick Univ,취미/라이프,2350000,1114060000,1077
244,mirrorHD,음악/댄스/가수,2350000,1364810000,208
243,감스트GAMST,게임,2350000,1898240000,4757
247,보길 bogil,TV/방송,2340000,986620000,1141
246,도티 TV,게임,2340000,2802730000,3454
250,SUPER JUNIOR,음악/댄스/가수,2330000,207060000,318
249,삼프로TV_경제의신과함께,주식/경제/부동산,2330000,1068940000,13055
248,캐릭온 TV,키즈/어린이,2330000,2662060000,1113
255,Lime Doodles,키즈/어린이,2320000,880870000,1509
254,free지아,패션/미용,2320000,32760000,34
257,이 남자의 cook,음식/요리/레시피,2320000,530000000,805
253,아는형님 Knowingbros,TV/방송,2320000,1609490000,4242
252,A-YEON,음악/댄스/가수,2320000,313820000,69
251,디바제시카DeevaJessica,교육/강의,2320000,1141890000,3543
258,채널A 뉴스,뉴스/정치/사회,2310000,3682500000,90826
256,VIVA DANCE STUDIO,BJ/인물/연예인,2310000,486860000,3119
261,요올리Yoli,키즈/어린이,2300000,1058040000,821
260,Zorip - Nursery Rhymes,키즈/어린이,2300000,758470000,25
259,여자친구 GFRIEND OFFICIAL,음악/댄스/가수,2300000,676240000,515
264,Jung Kook - Topic,미분류,2290000,211570000,43
263,채널 NCT MUSIC,음악/댄스/가수,2290000,213530000,29
262,고몽,영화/만화/애니,2290000,1286350000,762
266,official IZ*ONE,음악/댄스/가수,2280000,821970000,270
265,창현거리노래방 streetkaraoke,음악/댄스/가수,2280000,363110000,1297
268,United CUBE (CUBE Entertainment Official YouTube Channel),음악/댄스/가수,2270000,762800000,1614
267,JerryPop,음식/요리/레시피,2270000,860220000,429
272,꿀주부 Honeyjubu,미분류,2260000,224310000,170
271,토이영어TV - ToyEnglishTV,키즈/어린이,2260000,1452320000,28
270,또봇 Tobot,키즈/어린이,2260000,2943290000,2313
269,RISABAE,패션/미용,2260000,318940000,488
275,GOT7,음악/댄스/가수,2250000,95680000,27
274,MLD ENTERTAINMENT,음악/댄스/가수,2250000,897960000,837
273,침착맨,게임,2250000,1851740000,6631
277,헨리 HENRY LAU,음악/댄스/가수,2240000,253560000,365
276,[wonderkids TV] 원더키즈 TV,키즈/어린이,2240000,1053760000,1084
278,XG,미분류,2230000,603820000,304
279,도남이먹방Donam,음식/요리/레시피,2220000,765180000,1134
280,올리버쌤,교육/강의,2210000,819930000,862
282,AOMGOFFICIAL,음악/댄스/가수,2190000,705380000,515
281,해그린달 haegreendal,BJ/인물/연예인,2190000,100380000,62
283,NMIXX,미분류,2170000,613310000,533
285,[THE SOY]루퐁이네,애완/반려동물,2170000,875480000,576
284,채널 NCT DANCE,음악/댄스/가수,2160000,219320000,42
287,4Minute 포미닛(Official YouTube Channel),음악/댄스/가수,2140000,1400580000,82
286,MBN Entertainment,TV/방송,2140000,2296000000,73263
288,dingo freestyle,TV/방송,2130000,1482140000,1393
290,꿀키honeykki,음식/요리/레시피,2120000,280890000,472
289,FoodieBoy 푸디보이,음식/요리/레시피,2120000,782820000,1808
294,SUGA - Topic,음악/댄스/가수,2110000,194560000,89
293,1theK Originals - 원더케이 오리지널,미분류,2110000,1378980000,2626
292,jannahkorea 잔나코리아,교육/강의,2110000,374580000,614
291,수리노을SuriNoel,애완/반려동물,2110000,835080000,1292
296,THE BOYZ,음악/댄스/가수,2100000,679880000,899
295,잠뜰 TV,게임,2100000,3359750000,3670
299,WildBrain 한국어,키즈/어린이,2090000,841860000,2809
298,CL Official Channel,음악/댄스/가수,2090000,298670000,72
297,와썹맨-Wassup Man,BJ/인물/연예인,2090000,334910000,195
300,EBSCulture (EBS 교양),뉴스/정치/사회,2080000,1584970000,46631
305,엠뚜루마뚜루 : MBC 공식 종합 채널,미분류,2070000,3698300000,6578
303,오킹TV,TV/방송,2070000,1151330000,2004
302,밀키복이탄이MilkyBokiTan,애완/반려동물,2070000,777460000,622
301,Imaginative Guy,취미/라이프,2070000,709310000,145
304,Allblanc TV,스포츠/운동,2060000,253310000,594
306,1분미만,미분류,2050000,686410000,382
307,밴쯔,음식/요리/레시피,2040000,1169420000,2625
309,비몽,음악/댄스/가수,2030000,1103050000,5482
308,캐리TV 장난감친구들,키즈/어린이,2030000,2903210000,3299
310,혜안,게임,2020000,1176550000,1274
313,CHEN,음악/댄스/가수,2010000,40090000,17
312,BTOB 비투비 (Official YouTube Channel),음악/댄스/가수,2010000,764200000,1049
311,유라야놀자(Let's play YURA),키즈/어린이,2010000,2390940000,1837
314,Teen Vogue,미분류,2000000,743040000,1482
315,레이디버그TV,영화/만화/애니,1990000,0,0
317,ARIRANG K-POP,음악/댄스/가수,1980000,908190000,33459
316,EXID_OFFICIAL,음악/댄스/가수,1980000,751050000,341
318,woolliment,음악/댄스/가수,1970000,952110000,948
323,핑키팝토이,키즈/어린이,1960000,933200000,1308
322,Dollightful,키즈/어린이,1960000,327460000,173
321,loonatheworld,음악/댄스/가수,1960000,852670000,1113
320,SPOTV,스포츠/운동,1960000,1678270000,13521
319,퇴경아 약먹자,TV/방송,1960000,364060000,709
325,KBS 한국방송,TV/방송,1950000,1891270000,33085
324,대문밖장덕대,키즈/어린이,1950000,939920000,1678
326,문명특급 - MMTG,TV/방송,1940000,685210000,466
327,두두팝토이,키즈/어린이,1930000,1116250000,1558
328,[상윤쓰]Sangyoon,BJ/인물/연예인,1920000,482570000,227
329,planD플랜디,미분류,1910000,265770000,205
332,DAY6,음악/댄스/가수,1900000,604520000,522
331,빠니보틀 Pani Bottle,국내/해외/여행,1900000,427790000,301
330,Toy Wizard [토이위자드],키즈/어린이,1900000,30930000,30
336,Wimbledon,미분류,1880000,1536700000,5445
335,사피엔스 스튜디오,미분류,1880000,605350000,4878
334,셀프어쿠스틱selfacoustic,음악/댄스/가수,1880000,516140000,276
333,슈앤트리 SHU AND TREE,애완/반려동물,1880000,474360000,597
340,V - Topic,미분류,1870000,67620000,37
339,Clay Adventure 클레이 모험,키즈/어린이,1870000,1110680000,1501
338,tvN D STUDIO,TV/방송,1870000,693170000,1362
337,뉴욕이네,키즈/어린이,1870000,877640000,905
342,Wishtrend TV,패션/미용,1860000,186400000,1138
341,강형욱의 보듬TV,애완/반려동물,1860000,563120000,859
345,MBN News,뉴스/정치/사회,1850000,2079610000,158065
344,ETTV 이티티비,음식/요리/레시피,1850000,943700000,1566
343,ASMR Suna 꿀꿀선아,음식/요리/레시피,1850000,489670000,651
348,땅콩 Peanut,미분류,1840000,960670000,70
347,티디키즈 (인기 동요・동화),키즈/어린이,1840000,1202180000,616
346,14F 일사에프,TV/방송,1840000,818830000,3959
352,김작가 TV,미분류,1830000,523000000,3163
351,FNCEnt,음악/댄스/가수,1830000,473500000,1689
350,내셔널지오그래픽 - National Geographic Korea,애완/반려동물,1830000,874870000,3642
349,밝은 면 Bright Side Korea,IT/기술/컴퓨터,1830000,583880000,5263
355,자이언트 펭TV,키즈/어린이,1820000,499130000,640
354,스터디언,교육/강의,1820000,290200000,3931
353,효진조 Hyojin Cho,패션/미용,1820000,236100000,465
358,진성호방송,뉴스/정치/사회,1810000,3636260000,14338
357,세바시 강연 Sebasi Talk,뉴스/정치/사회,1810000,447280000,2763
356,꾹TV(Kkuk TV),키즈/어린이,1810000,1210450000,1789
363,TAEYANG,음악/댄스/가수,1800000,266920000,67
362,OfficialLEEHI,음악/댄스/가수,1800000,553990000,106
361,데이브 World of Dave,교육/강의,1800000,473360000,688
360,입짧은햇님,음식/요리/레시피,1800000,862670000,3100
359,조재원,TV/방송,1800000,720190000,498
364,낄낄상회,취미/라이프,1790000,891890000,787
367,DJ SODA OFFICIAL,음악/댄스/가수,1780000,246980000,197
366,깨비키즈 [KEBIKIDS],키즈/어린이,1780000,1998630000,2214
365,보물섬,BJ/인물/연예인,1780000,1600360000,662
369,KBS 다큐,뉴스/정치/사회,1770000,1169050000,40970
368,한문철 TV,TV/방송,1770000,2440790000,22350
370,우주하마,게임,1750000,1299760000,2416
377,Super JoJo-인기동요,키즈/어린이,1740000,0,0
376,KBS HUMAN: 뭉클티비,TV/방송,1740000,1051200000,7141
375,KBS Drama Classic,뉴스/정치/사회,1740000,1750280000,19114
374,워너뮤직코리아 (Warner Music Korea),음악/댄스/가수,1740000,1193180000,4081
373,Daily Busking,음악/댄스/가수,1740000,743240000,1054
372,HONG SOUND,음식/요리/레시피,1740000,607510000,1378
371,악동 김블루,게임,1740000,1415780000,1461
379,SBS STORY,뉴스/정치/사회,1730000,2200990000,85281
378,콬TV,TV/방송,1730000,719380000,1286
383,tripleS official,미분류,1720000,238450000,993
382,너덜트,미분류,1720000,269700000,59
381,요리용디 Yori Yongd,미분류,1720000,1466360000,503
380,지니키즈 Genikids (인기 동요・동화),키즈/어린이,1720000,1449560000,1263
390,신사장,미분류,1710000,1972200000,715
389,INTHESOOP_TV,TV/방송,1710000,52850000,76
388,뉴스TVCHOSUN,뉴스/정치/사회,1710000,1713470000,92312
387,T1 Faker,게임,1710000,378170000,1355
386,Dreamcatcher official,음악/댄스/가수,1710000,559550000,715
385,PENTAGON 펜타곤 (Official YouTube Channel),음악/댄스/가수,1710000,353700000,750
384,MKTV 김미경TV,TV/방송,1710000,381530000,2095
393,츈례쌤 CRS,키즈/어린이,1700000,120000,15
392,김대석 셰프TV,미분류,1700000,371380000,939
391,김시선,영화/만화/애니,1700000,462240000,467
395,시즌비시즌 Season B Season,음악/댄스/가수,1690000,306990000,137
394,웃소 Wootso,BJ/인물/연예인,1690000,2188820000,1035
398,곽튜브,국내/해외/여행,1680000,380910000,312
397,더블비,BJ/인물/연예인,1680000,1275140000,648
396,양띵 유튜브,게임,1680000,2134950000,9631
400,빵빵이의 일상,미분류,1670000,448270000,52
399,약사가 들려주는 약 이야기,IT/기술/컴퓨터,1670000,265720000,571
403,베베핀 Bebefinn - 키즈 인기 동요,키즈/어린이,1660000,479990000,316
402,STAYC,미분류,1660000,970060000,690
401,신사임당,주식/경제/부동산,1660000,338170000,1579
406,조승연의 탐구생활,교육/강의,1650000,164190000,386
405,DOJIN도진이,음악/댄스/가수,1650000,101180000,70
404,Talk To Me In Korean,교육/강의,1650000,79380000,1747
409,Beginagain 비긴어게인,TV/방송,1640000,908910000,1879
408,오마이TV,뉴스/정치/사회,1640000,1530400000,26944
407,버블디아,음악/댄스/가수,1640000,490790000,1369
411,이수현 Official,패션/미용,1630000,139680000,132
410,요리왕비룡 Korean Food Cooking,BJ/인물/연예인,1630000,352740000,997
415,스토리,미분류,1620000,437630000,91
414,미스&미스터트롯,회사/오피셜,1620000,1895910000,7014
413,seemile Korean,교육/강의,1620000,112780000,1278
412,김재원의 즐거운 세상,게임,1620000,2208420000,2907
419,고누리,미분류,1610000,772760000,748
418,그것이 알고싶다,TV/방송,1610000,662100000,971
417,NU'EST,음악/댄스/가수,1610000,282750000,687
416,먹어볼래TryToEat,음식/요리/레시피,1610000,338610000,317
421,it's Live,TV/방송,1600000,551440000,804
420,파뿌리,음식/요리/레시피,1600000,1934830000,1767
423,브라보키즈,키즈/어린이,1590000,1675150000,2828
422,GENIE MUSIC,음악/댄스/가수,1590000,598480000,5168
424,김소형채널H,미분류,1580000,372920000,1081
427,힙으뜸,스포츠/운동,1570000,540500000,507
426,동네놈들,TV/방송,1570000,465060000,529
425,우왁굳의 게임방송,게임,1570000,1766030000,7928
434,리틀엔젤 인기동요 어린이노래 - Little Angel,키즈/어린이,1560000,816790000,427
433,자취요리신 simple cooking,미분류,1560000,335840000,866
432,성시경 SUNG SI KYUNG,음악/댄스/가수,1560000,642300000,461
431,PREMIUM DANCE STUDIO,미분류,1560000,559330000,2368
430,TJ KARAOKE TJ 노래방 공식 유튜브채널,음악/댄스/가수,1560000,2264200000,63475
429,뜨뜨뜨뜨,게임,1560000,878350000,1830
428,헬로카봇 - hello carbot official,키즈/어린이,1560000,1533160000,1632
435,Car play toy,키즈/어린이,1550000,815910000,1397
441,FIFTY FIFTY Official,미분류,1540000,454380000,105
440,키글TV - 키즈 앱・장난감,키즈/어린이,1540000,823610000,2137
439,임영웅,BJ/인물/연예인,1540000,2175680000,677
438,Lemoring,음악/댄스/가수,1540000,1130410000,567
437,사물궁이 잡학지식,교육/강의,1540000,298960000,417
436,JAYKEEOUT,BJ/인물/연예인,1540000,247930000,260
445,히밥heebab,음식/요리/레시피,1530000,604540000,773
444,혜리,BJ/인물/연예인,1530000,101940000,103
443,브레드이발소,키즈/어린이,1530000,826920000,1306
442,겜브링 GGAM BRING,게임,1530000,1873180000,2804
448,ONEUS,음악/댄스/가수,1520000,424560000,784
447,대도서관TV (buzzbean11),게임,1520000,1541940000,10669
446,태경 TV,게임,1520000,2466740000,3265
453,[AmiAmi]아미아미,미분류,1510000,501900000,539
452,Chuther츄더[문에스더],음악/댄스/가수,1510000,337060000,241
451,리뷰엉이: Owl's Review,영화/만화/애니,1510000,463580000,537
450,칩chip,음식/요리/레시피,1510000,249570000,39
449,슈기님,음식/요리/레시피,1510000,643590000,1434
455,오분순삭,TV/방송,1500000,2269110000,3037
454,Netflix Korea 넷플릭스 코리아,영화/만화/애니,1500000,618560000,2595
461,Jimin - Topic,미분류,1490000,96150000,36
460,리콩수콩RikongSukong,키즈/어린이,1490000,473900000,631
459,보다 BODA,미분류,1490000,720400000,961
458,선미 SUNMI,음악/댄스/가수,1490000,557380000,290
457,Mera,TV/방송,1490000,1367630000,8106
456,슛포러브,스포츠/운동,1490000,1018580000,1160
463,주부나라,미분류,1480000,433250000,1339
462,sNack!,TV/방송,1480000,1339200000,2488
471,[삼성증권] Samsung POP,주식/경제/부동산,1470000,163080000,2800
467,우와한 비디오,TV/방송,1470000,1779870000,2013
466,승우아빠,음식/요리/레시피,1470000,663760000,985
465,최고다윽박,음식/요리/레시피,1470000,981610000,1762
464,신의한수,뉴스/정치/사회,1470000,1141560000,8994
472,DARA TV,미분류,1460000,89760000,220
470,CHUNG HA_Official,미분류,1460000,540720000,335
469,디스커버리 픽 - Discovery Pick,TV/방송,1460000,597970000,1192
468,ssin 씬님,패션/미용,1460000,457640000,835
476,의학채널 비온뒤,IT/기술/컴퓨터,1450000,460940000,10291
475,Puuung 퍼엉,영화/만화/애니,1450000,110760000,475
474,BLACKHAND,TV/방송,1450000,380050000,61
473,kiu기우쌤,패션/미용,1450000,664630000,663
480,Rock Music,음악/댄스/가수,1440000,809900000,9762
479,2PM,음악/댄스/가수,1440000,469120000,497
478,Apink (에이핑크),음악/댄스/가수,1440000,583360000,868
477,MOVE Dance Studio,음악/댄스/가수,1440000,323840000,4043
483,스튜디오 와플 - STUDIO WAFFLE,미분류,1430000,448880000,319
482,안구정화티비 Your Korean Friend Angoo,TV/방송,1430000,136960000,251
481,급식왕,BJ/인물/연예인,1430000,1970930000,1121
484,정선호,BJ/인물/연예인,1430000,693350000,606
486,호갱구조대,미분류,1420000,336520000,201
485,취미로 요리하는 남자 Yonam,음식/요리/레시피,1420000,168090000,123
489,빽능 - SBS 옛날 예능,뉴스/정치/사회,1410000,2140140000,6941
488,엠브로 MBRO,음식/요리/레시피,1410000,0,0
487,양팡 YangPang,BJ/인물/연예인,1410000,1662790000,2897
494,달라스튜디오,TV/방송,1400000,429240000,308
493,신세경 sjkuksee,BJ/인물/연예인,1400000,59160000,41
492,Partition Zion,게임,1400000,753870000,1087
491,K-Tigers TV,음악/댄스/가수,1400000,221820000,527
490,ARIKITCHEN (아리키친),음식/요리/레시피,1400000,404740000,680
497,SM C&C STUDIO,회사/오피셜,1390000,270210000,1811
496,KBS CoolFM,TV/방송,1390000,773530000,13247
495,프리티에스더 PrettyEsther,키즈/어린이,1390000,781010000,750
500,놀면 뭐하니?,TV/방송,1380000,1021010000,1423
499,크집사,애완/반려동물,1380000,376360000,706
498,딩고 스토리 / dingo story,TV/방송,1380000,395860000,442
503,지켜츄 Chuu Can Do It,음악/댄스/가수,1370000,195440000,258
502,조선일보,뉴스/정치/사회,1370000,1138530000,17429
501,BEAST 비스트 (Official YouTube Channel),음악/댄스/가수,1370000,630200000,118
509,SEVENTEEN Japan official Youtube,음악/댄스/가수,1360000,290600000,122
508,미래에셋 스마트머니,주식/경제/부동산,1360000,149410000,3103
507,핏블리 FITVELY,스포츠/운동,1360000,642090000,1510
506,엄마의손맛,미분류,1360000,395660000,895
505,Hello Jadoo TV 안녕 자두야,영화/만화/애니,1360000,439830000,960
504,사람사는세상노무현재단,뉴스/정치/사회,1360000,221090000,1269
514,제발돼라 PleaseBee,미분류,1350000,390170000,258
513,함께해요 맛나요리,미분류,1350000,433990000,1017
512,연합뉴스TV,뉴스/정치/사회,1350000,1908660000,484077
511,TBS 시민의방송,뉴스/정치/사회,1350000,296180000,30251
510,NALU,BJ/인물/연예인,1350000,106130000,178
518,SBS Radio 에라오,뉴스/정치/사회,1340000,766280000,19332
517,Prepix Dance Studio,음악/댄스/가수,1340000,263690000,7002
516,모비딕 Mobidic,TV/방송,1340000,528480000,1661
515,Bandung Oppa 반둥오빠,취미/라이프,1340000,180240000,565
521,산적TV 밥굽남,음식/요리/레시피,1330000,360350000,700
520,비디오머그 - VIDEOMUG,뉴스/정치/사회,1330000,2281400000,7401
519,뚜아뚜지TV,키즈/어린이,1330000,992040000,1935
526,이지은 다이어트 Jiny diet,미분류,1320000,167520000,165
525,RMC Sport,미분류,1320000,722400000,30265
524,공부왕찐천재 홍진경,BJ/인물/연예인,1320000,226530000,218
523,정브르,애완/반려동물,1320000,713130000,1976
522,Solfa,TV/방송,1320000,233180000,49
531,Tennis TV,미분류,1310000,1476050000,7699
530,Rirang OnAir,국내/해외/여행,1310000,211670000,271
529,법륜스님의 즉문즉설,교육/강의,1310000,836090000,2004
528,임다TV,BJ/인물/연예인,1310000,593620000,1893
527,Squash Clay 쪼물쪼물 클레이,취미/라이프,1310000,278920000,517
541,자세요정 JSYJ,미분류,1300000,105090000,146
540,퍼런안경_BLAS,미분류,1300000,352070000,168
539,헌터퐝,BJ/인물/연예인,1300000,420840000,469
538,MUPLY 뮤플리,음악/댄스/가수,1300000,445890000,802
537,AOA,음악/댄스/가수,1300000,784780000,198
536,스튜디오 잼스터,TV/방송,1300000,466650000,499
535,DGG,TV/방송,1300000,76260000,396
534,Tooniverse-투니버스,영화/만화/애니,1300000,935210000,4205
533,가르마[GARMA],음식/요리/레시피,1300000,461250000,1509
532,피키픽처스 Piki Pictures,TV/방송,1300000,663150000,1607
548,노빠꾸탁재훈,미분류,1290000,184890000,98
547,뭅뭅,영화/만화/애니,1290000,466350000,3190
546,BenDeen,음식/요리/레시피,1290000,223150000,658
545,철구형 (CHULTUBE),BJ/인물/연예인,1290000,1346830000,6981
544,빠더너스 BDNS,미분류,1290000,474540000,731
543,휘트니 whitney bae,취미/라이프,1290000,331760000,313
542,테스터훈 TesterHoon,게임,1290000,1198560000,3312
549,Kim Miso,취미/라이프,1280000,124830000,514
555,Girls On Top,미분류,1270000,317250000,21
554,굿라이프,미분류,1270000,230430000,2459
553,KBS 같이삽시다,TV/방송,1270000,776710000,6998
552,Bravo jamoasi,미분류,1270000,272260000,96
551,BloxJC,키즈/어린이,1270000,31440000,67
550,DaftTaengk,음악/댄스/가수,1270000,539310000,5140
562,뜬뜬 DdeunDdeun,미분류,1260000,155920000,131
561,KBS 1라디오,TV/방송,1260000,749840000,22197
560,KBS 교양,뉴스/정치/사회,1260000,1047000000,71369
559,RealVIXX,음악/댄스/가수,1260000,422390000,802
558,우리의식탁 W TABLE,음식/요리/레시피,1260000,111620000,578
557,KB국민카드,회사/오피셜,1260000,235450000,656
556,회사원A,패션/미용,1260000,487710000,762
570,나나의인형놀이 Nana'sDollPlay,키즈/어린이,1250000,425700000,251
569,토비아트 - TobiART,키즈/어린이,1250000,420500000,137
568,차미툰,미분류,1250000,517380000,703
567,7FATES: CHAKHO by HYBE,미분류,1250000,63860000,32
566,팥쥐,미분류,1250000,459080000,102
577,썰레임 Ssuleim,미분류,1250000,500400000,141
565,걍밍경,TV/방송,1250000,153060000,94
564,장지수,BJ/인물/연예인,1250000,505720000,978
563,달빛뮤즈,영화/만화/애니,1250000,336110000,584
578,지식한입,미분류,1240000,148850000,158
576,식빵언니 김연경 Bread Unnie,스포츠/운동,1240000,88570000,98
575,수빙수tv sooBingsoo,음식/요리/레시피,1240000,515930000,462
574,CJ ENM,TV/방송,1240000,1814260000,15140
573,ondo온도,BJ/인물/연예인,1240000,137160000,281
572,탱구TV,취미/라이프,1240000,49550000,27
571,[팟빵] 매불쇼,뉴스/정치/사회,1240000,622410000,1674
582,랄랄ralral,미분류,1230000,520140000,819
581,KBS동물티비 : 애니멀포유 animal4u,TV/방송,1230000,1101670000,3688
580,악어 유튜브,게임,1230000,1623440000,7895
579,SUPER SOUND Bugs!,음악/댄스/가수,1230000,870990000,4292
595,YGX,미분류,1220000,199360000,1758
588,고기남자 MeatMan,음식/요리/레시피,1220000,345730000,159
587,Coreaníssima 엘레나,TV/방송,1220000,95110000,255
586,티캐스트 tcast,TV/방송,1220000,1296100000,9153
585,딴지방송국,뉴스/정치/사회,1220000,342480000,887
584,강유미 yumi kang좋아서 하는 채널,BJ/인물/연예인,1220000,566780000,501
583,Official A.C.E,음악/댄스/가수,1220000,187330000,819
594,키즐 kizzle,미분류,1210000,381100000,426
593,할명수,미분류,1210000,279620000,366
592,MORE THAN YOUTH,음악/댄스/가수,1210000,339800000,928
591,DICKHUNTER딕헌터🌶,음식/요리/레시피,1210000,361110000,483
590,haha ha,애완/반려동물,1210000,494140000,638
589,박막례 할머니 Korea_Grandma,BJ/인물/연예인,1210000,478890000,556
603,정선근 TV,미분류,1200000,63050000,149
602,Paint Jelly,키즈/어린이,1200000,1017860000,235
601,KCON official,미분류,1200000,326790000,5481
600,짧은대본 ShortPaper,미분류,1200000,576660000,363
599,안다 ANDA,패션/미용,1200000,148760000,295
598,별놈들,TV/방송,1200000,590240000,866
597,배승희 변호사,뉴스/정치/사회,1200000,387360000,963
596,lamuqe,패션/미용,1200000,124910000,301
612,상해기SangHyuk,BJ/인물/연예인,1190000,389810000,768
611,MBC 라디오 시사,뉴스/정치/사회,1190000,871300000,15800
610,DAZBEE official,영화/만화/애니,1190000,540150000,195
609,준우,TV/방송,1190000,598400000,497
608,신인균의 국방TV,뉴스/정치/사회,1190000,862870000,2928
614,오빠두엑셀 l 엑셀 강의 대표채널,IT/기술/컴퓨터,1190000,93350000,583
607,집꾸미기,취미/라이프,1190000,173870000,473
606,rappeler하쁠리,취미/라이프,1190000,536500000,1013
605,B Man 삐맨,영화/만화/애니,1190000,712960000,740
618,KBS 레전드 케이팝,미분류,1180000,1038150000,17351
617,주니토니 동요동화 - 키즈캐슬,키즈/어린이,1180000,1065070000,1051
616,KIM HYUN JOONG.official,음악/댄스/가수,1180000,190430000,567
615,eaJ,TV/방송,1180000,45710000,20
613,LeoJ Makeup,패션/미용,1180000,266970000,367
604,수상한녀석들,BJ/인물/연예인,1180000,270280000,176
624,양장금주부,미분류,1170000,314910000,858
623,Variety,해외,1170000,541210000,5224
622,마시따 MASITTA,키즈/어린이,1170000,756690000,251
621,Lia Kim,BJ/인물/연예인,1170000,69420000,65
620,애주가TV참PD,음식/요리/레시피,1170000,646170000,1392
619,Cheri Hyeri 체리 혜리,BJ/인물/연예인,1170000,174770000,488
629,Jelly Pong,키즈/어린이,1160000,160050000,6
628,Newstapa,뉴스/정치/사회,1160000,379350000,4290
627,퍼플 토이박스(Purple Toy Box),키즈/어린이,1160000,719350000,1471
626,스윗더미 . Sweet The MI,음식/요리/레시피,1160000,119230000,318
625,사나이 김기훈,BJ/인물/연예인,1160000,822910000,911
637,해피팸(Happy family),키즈/어린이,1150000,127720000,200
636,CBS Sports Golazo,미분류,1150000,957120000,4643
635,ZeeKay Junior,해외,1150000,1080960000,1247
634,올끌 (All of MBClassic),TV/방송,1150000,2126280000,3485
633,SK telecom,TV/방송,1150000,999130000,2420
632,서울의소리 Voice of Seoul News,뉴스/정치/사회,1150000,1047130000,19581
631,다또아Daddoa,패션/미용,1150000,94450000,190
630,코이티비 KOITV,국내/해외/여행,1150000,1001310000,1894
647,키글 토이 - 키즈 장난감,키즈/어린이,1140000,613920000,1276
646,싱글벙글,미분류,1140000,988090000,320
656,김창옥TV,미분류,1140000,192280000,462
645,야식이,음식/요리/레시피,1140000,468970000,1502
644,WatchcarTV,영화/만화/애니,1140000,558240000,201
643,PLAYY ANI 플레이애니,영화/만화/애니,1140000,510780000,800
642,Official fromis_9,음악/댄스/가수,1140000,530570000,906
641,Toystar TV,키즈/어린이,1140000,520030000,101
640,예뿍이의 작업방Yeppug,취미/라이프,1140000,349720000,836
639,야식이,음식/요리/레시피,1140000,468970000,1502
638,긱블 Geekble,BJ/인물/연예인,1140000,502050000,589
665,차은우 CHAEUNWOO,미분류,1130000,24650000,18
657,Boing Boing Kids,키즈/어린이,1130000,330950000,7
655,칰타,미분류,1130000,371320000,274
654,강다니엘 KANGDANIEL,음악/댄스/가수,1130000,220300000,222
653,Godtuk 턱형,BJ/인물/연예인,1130000,425880000,510
652,신비아파트 공식채널 - Shinbi House,영화/만화/애니,1130000,819690000,2251
651,엠빅뉴스,뉴스/정치/사회,1130000,2728380000,6554
650,Minicar Story,키즈/어린이,1130000,686410000,1896
649,제이제이살롱드핏,취미/라이프,1130000,307370000,732
648,드림텔러(DreamTeller),영화/만화/애니,1130000,206110000,208
664,알간지Alganzi,미분류,1120000,197490000,470
663,에버랜드 - EVERLAND,미분류,1120000,415100000,2589
662,CLC 씨엘씨 (Official YouTube Channel),음악/댄스/가수,1120000,282390000,188
661,z a m,TV/방송,1120000,793310000,3149
660,코너Korner,게임,1120000,926290000,975
659,토깽이네,키즈/어린이,1120000,1485950000,1997
658,채널주인 부재중,음식/요리/레시피,1120000,1187190000,1921
675,무니키친MoonyKitchen,미분류,1110000,148610000,440
674,하음쿠킹 Haeum Cooking,미분류,1110000,186850000,77
673,육식맨 YOOXICMAN,미분류,1110000,271790000,219
672,TVCHOSUN JOY,미분류,1110000,861850000,4155
671,주둥이방송,미분류,1110000,627500000,1908
670,입질의추억TV jiminTV,음식/요리/레시피,1110000,491620000,663
669,POYO Music Official,키즈/어린이,1110000,878410000,1838
668,유병재,TV/방송,1110000,267810000,234
667,써니채널 Sunny's Channel,패션/미용,1110000,114670000,210
666,닥터프렌즈,교육/강의,1110000,287280000,905
681,랄로,미분류,1100000,602730000,457
680,크리스 [구 소련여자],BJ/인물/연예인,1100000,192000000,151
679,꼰대희,미분류,1100000,393310000,378
678,TNT,해외,1100000,712380000,4921
677,CNBLUE (씨엔블루),음악/댄스/가수,1100000,268450000,231
676,돼지저금통,게임,1100000,1855480000,4575
691,집밥 korean home cooking,미분류,1090000,487460000,1511
690,식탁보감,미분류,1090000,130570000,400
689,woojoo우주,키즈/어린이,1090000,361000000,85
688,유키 YOUKI,게임,1090000,275200000,1043
687,PLEDIS ENTERTAINMENT,음악/댄스/가수,1090000,289220000,260
686,fantagio 판타지오,TV/방송,1090000,357230000,317
685,띵픽,TV/방송,1090000,215750000,868
684,재넌Jaenune,게임,1090000,736600000,1167
683,기리TV,게임,1090000,1323260000,2825
682,유준호,BJ/인물/연예인,1090000,576150000,1461
698,KPOP JAMM,미분류,1080000,435190000,2399
697,괴물쥐 유튜브,게임,1080000,1137200000,1446
696,정찬성 Korean Zombie,미분류,1080000,353420000,330
695,MUSIC&NEW 뮤직앤뉴,음악/댄스/가수,1080000,1278690000,9751
694,한국경제TV,뉴스/정치/사회,1080000,310430000,33735
693,부읽남TV_내집마련부터건물주까지,주식/경제/부동산,1080000,195960000,1579
692,UPVOTE Entertainment,음악/댄스/가수,1080000,273240000,1382
704,TOMONCAR,키즈/어린이,1070000,622390000,498
703,셜록현준,미분류,1070000,101150000,161
702,유우키의 일본이야기 YUUKI,미분류,1070000,316930000,290
701,CBS 김현정의 뉴스쇼,뉴스/정치/사회,1070000,635760000,14949
700,말왕TV,스포츠/운동,1070000,420710000,1033
699,효기심,취미/라이프,1070000,132560000,153
711,너 진짜 똑똑하다,미분류,1060000,83160000,164
710,연스커플 Yeon's Couple,미분류,1060000,295220000,397
709,뻑가 PPKKa,TV/방송,1060000,982260000,1132
708,Kyunghamin твоя корейская онни,TV/방송,1060000,139000000,439
707,김한용의 MOCAR,자동차,1060000,638180000,2176
706,마이린 TV,키즈/어린이,1060000,862470000,2702
705,딩고 스튜디오 / dingo studio,TV/방송,1060000,425530000,975
718,이영지,미분류,1050000,170420000,44
717,이리오너라,미분류,1050000,152070000,2051
716,샾잉 #ing,미분류,1050000,3043860000,25762
715,MBC every1,음악/댄스/가수,1050000,1393820000,21194
714,친절한 대학,교육/강의,1050000,116510000,803
713,쁘허,게임,1050000,469490000,1362
712,잉여맨 유튜브,게임,1050000,1142350000,2855
726,[ASMR]nara_나라,미분류,1040000,194470000,374
725,DinoCore TUBA,영화/만화/애니,1040000,752020000,863
724,DanalEntertainment,음악/댄스/가수,1040000,425750000,12581
723,OH MY GIRL,음악/댄스/가수,1040000,693040000,491
722,V LIVE,TV/방송,1040000,637840000,2821
721,라이징 보이스 | RISING VOICE,음악/댄스/가수,1040000,542710000,4383
720,우파푸른하늘Woopa TV,자동차,1040000,670670000,1978
719,릴카,게임,1040000,478900000,1126
734,CIX Official,미분류,1030000,215040000,543
733,하하 PD HAHA PD,BJ/인물/연예인,1030000,125870000,296
732,토모토모TomoTomo,미분류,1030000,233300000,207
731,Robot Trains official,키즈/어린이,1030000,773920000,744
730,뉴스엔·NewsenTV,TV/방송,1030000,408420000,15662
729,sankokesl,TV/방송,1030000,9570000,120
728,Action Story,키즈/어린이,1030000,503990000,1899
727,어퍼컷Tube,영화/만화/애니,1030000,172060000,223
743,호기! 핑크퐁 - 놀면서 배워요,키즈/어린이,1020000,597450000,1131
742,Family Kim 패밀리김,미분류,1020000,201030000,315
741,시니어전성시대,미분류,1020000,204570000,512
740,[윤이련]50년 요리비결,미분류,1020000,335660000,531
739,조여사전성시대,미분류,1020000,276430000,776
738,H1GHR MUSIC,음악/댄스/가수,1020000,321360000,659
737,텔론,게임,1020000,1189260000,4463
736,램램TV,게임,1020000,990150000,2831
735,볼라이트 BallRight,TV/방송,1020000,180000,41
753,Bus Car Story,키즈/어린이,1010000,492180000,434
752,메리니즈부엌Meliniskitchen,미분류,1010000,198720000,258
751,채널A 뉴스TOP10,뉴스/정치/사회,1010000,985730000,22370
750,바바요 by iHQ,TV/방송,1010000,794150000,7890
749,로보카폴리 TV,키즈/어린이,1010000,668130000,1694
748,Charming Jo 조매력,게임,1010000,411450000,1605
747,디렉터 파이,패션/미용,1010000,169210000,395
746,Sibong AI 시봉 AI,BJ/인물/연예인,1010000,64980000,968
745,U.M.A.우마,BJ/인물/연예인,1010000,272750000,147
744,소녀의행성 Girlsplanet,애완/반려동물,1010000,430340000,602
760,GUCCI,미분류,1000000,288660000,828
759,Toy box,키즈/어린이,1000000,192680000,391
758,꽉잡아윤기-Kwakyoongy,미분류,1000000,291480000,815
757,MTN 머니투데이방송,뉴스/정치/사회,1000000,1353510000,73443
756,KBS Joy,TV/방송,1000000,1989140000,15611
755,범석TV,게임,1000000,830900000,1944
754,맛있는 녀석들 (Tasty Guys),음식/요리/레시피,1000000,1361030000,4682
761,T1,게임,990000,340500000,2849
762,공부의신 강성태,교육/강의,990000,323220000,2878
763,내가조우남,BJ/인물/연예인,990000,447530000,1228
764,삼대장 Samdaejang,음식/요리/레시피,990000,655170000,1509
765,과학드림 [Science Dream],미분류,990000,209620000,153
767,집나간아들 Runaway Son,미분류,990000,469220000,1022
766,SF9,음악/댄스/가수,990000,118560000,563
769,GCL 지씨엘,게임,990000,339230000,412
768,YG TREASURE BOX,TV/방송,980000,304330000,496
772,지식해적단,미분류,980000,128920000,177
771,슛뚜sueddu,BJ/인물/연예인,980000,57320000,277
770,New k-pop 뉴케이팝,음악/댄스/가수,980000,10000,26
774,deemd 딤디,미분류,980000,128570000,214
773,채꾸똥꾸 (Cherry & Dong),미분류,980000,337530000,306
775,밍꼬발랄Mingggo,TV/방송,980000,1487390000,851
777,오늘의 주우재,미분류,980000,161590000,411
776,탁주 쪼꼬,게임,980000,2426820000,2741
778,킴성태TV,게임,980000,860240000,2095
780,BIBI,미분류,970000,387880000,60
779,덕출 : DCTVGO,TV/방송,970000,404100000,767
781,미미미누,교육/강의,970000,422880000,845
782,드래곤디🎵 | 키즈 율동 동요,키즈/어린이,970000,786230000,1149
785,판타스틱  패밀리,키즈/어린이,970000,173130000,7
784,JoyKids,키즈/어린이,970000,570360000,286
783,MAXIM KOREA,TV/방송,970000,277740000,1395
786,건나물TV,미분류,960000,434310000,826
788,Dorami,게임,960000,250160000,1228
787,1분만,미분류,960000,610840000,1181
789,VOGUE Taiwan,미분류,950000,330370000,7656
793,ZEROBASEONE,미분류,950000,76360000,127
790,Yummy Waffle 야미와플,미분류,950000,1096750000,399
792,얌무YAMMoo,음식/요리/레시피,950000,201460000,565
791,라이브 아카데미,교육/강의,950000,101090000,1139
794,토킹톰앤프렌즈,영화/만화/애니,950000,365600000,341
796,PARK JIHOON Official,음악/댄스/가수,950000,66960000,331
795,Zaty Farhani,TV/방송,950000,1218960000,2779
799,ColorMonsters Toy,취미/라이프,950000,548910000,1040
798,허미노MINO,음식/요리/레시피,950000,411510000,2100
797,ALiEN,음악/댄스/가수,950000,213970000,395
801,법륜스님의 희망세상만들기,교육/강의,940000,471660000,988
800,Saerom Min개코의 오픈스튜디오,패션/미용,940000,158090000,267
802,츄팝,취미/라이프,940000,468590000,478
804,신나TV,키즈/어린이,940000,10000,14
803,EBS 컬렉션 - 라이프스타일,국내/해외/여행,940000,634920000,3714
805,달리 [SBS DALI],미분류,940000,442680000,708
806,이라이라경 ravely,TV/방송,940000,481830000,621
807,LJ Dance,음악/댄스/가수,940000,172930000,3063
808,액션홍구,게임,940000,693000000,3417
811,베이비버스 장난감 친구들!,키즈/어린이,930000,352720000,355
810,the BOB studio | 더 밥 스튜디오,음식/요리/레시피,930000,245080000,1196
809,배꼽빌라,TV/방송,930000,405710000,689
813,소근부부 S.K.Couple,BJ/인물/연예인,930000,383960000,522
812,구불,영화/만화/애니,930000,333430000,339
814,과나gwana,미분류,930000,268980000,176
815,팩트TV NEWS,뉴스/정치/사회,930000,365420000,7667
817,wondergirls,음악/댄스/가수,930000,535670000,217
816,띠미 ddimmi,BJ/인물/연예인,930000,497730000,1004
818,Pink Ping World,키즈/어린이,930000,304280000,474
824,디스패치 / Dispatch,TV/방송,920000,201770000,8892
823,고성국TV,뉴스/정치/사회,920000,293040000,4889
821,ootb STUDIO,미분류,920000,377160000,199
820,집나간햄지 Wandering Hamzy,미분류,920000,78200000,148
819,LCK,게임,920000,1168780000,7819
822,희철리즘Heechulism,취미/라이프,920000,239700000,359
825,김왼팔,게임,920000,731360000,2884
829,빵먹다살찐떡,미분류,920000,1134620000,704
826,히스토리,TV/방송,920000,682440000,2549
827,TongTongCulture,TV/방송,920000,676790000,12974
828,직업의모든것,미분류,910000,462920000,462
831,푸먹_foomuk,미분류,910000,477870000,66
830,다흑,애완/반려동물,910000,661880000,2902
833,STUDIO LICO,영화/만화/애니,910000,153640000,303
832,메카드 - MECARD OFFICIAL,키즈/어린이,910000,787510000,1633
836,KBS Entertain: 깔깔티비,TV/방송,910000,1567550000,6966
835,장범준,음악/댄스/가수,910000,585220000,504
834,안될과학 Unrealscience,IT/기술/컴퓨터,910000,156390000,902
838,밀라논나 Milanonna,미분류,900000,80030000,109
837,BRUSH,미분류,900000,432190000,454
839,Soy ASMR,취미/라이프,900000,205110000,606
840,815머니톡,미분류,900000,377940000,6679
842,웅이woongei,미분류,900000,419560000,593
841,성수커플 - S.S Couple,BJ/인물/연예인,900000,0,0
846,람다람 RAMDARAM,영화/만화/애니,900000,128540000,128
845,스브스뉴스 SUBUSUNEWS,뉴스/정치/사회,900000,1205930000,3846
844,PianiCast - 피아니캐스트,음악/댄스/가수,900000,293430000,112
843,냥이아빠,애완/반려동물,900000,420990000,763
847,프응TV,미분류,900000,281930000,277
849,Healing Meditation,음악/댄스/가수,900000,123980000,421
848,missA,음악/댄스/가수,900000,435650000,49
850,leeminho film,미분류,890000,16350000,22
851,HYOLYN 효린,음악/댄스/가수,890000,316680000,279
852,소프,음식/요리/레시피,890000,363580000,1589
853,Sophie Kim _하은,국내/해외/여행,890000,29700000,129
854,Megan Moon,TV/방송,890000,153810000,563
855,고고다이노,키즈/어린이,890000,720630000,1053
858,버섯도리,키즈/어린이,880000,1229290000,999
857,Dana ASMR,취미/라이프,880000,318570000,255
856,1분과학,IT/기술/컴퓨터,880000,90610000,78
862,재밌는 거 올라온다,미분류,880000,388500000,239
860,TAEYONG,미분류,880000,12650000,20
859,여수MBC Music+(Kpop&Trot),뉴스/정치/사회,880000,552800000,16617
861,우가놀이 WOOGA play,키즈/어린이,880000,394220000,445
863,이연LEEYEON,취미/라이프,880000,80770000,345
864,끼룩푸드 seagull food,국내/해외/여행,880000,613010000,709
865,연합뉴스 Yonhapnews,뉴스/정치/사회,870000,2403360000,37811
866,성제준,뉴스/정치/사회,870000,433850000,2530
869,코믹마트,미분류,870000,639950000,981
868,Boram Tube Friends,키즈/어린이,870000,7360000,73
867,김달,TV/방송,870000,381930000,866
870,코미꼬,TV/방송,870000,356760000,747
871,군림보,게임,870000,772290000,5472
873,HWASA,미분류,870000,210520000,29
872,하나키키 Hanakiki,TV/방송,870000,376370000,941
874,진정부부,국내/해외/여행,870000,367140000,356
875,LarvaKIDS TUBA,키즈/어린이,870000,632960000,537
877,롤롤라임[lollolraim],키즈/어린이,860000,109170000,143
876,타임스낵,TV/방송,860000,326480000,333
879,지피티,미분류,860000,337480000,1070
878,풍자테레비,BJ/인물/연예인,860000,345890000,1372
882,교양만두,미분류,860000,295040000,280
881,전옥현 안보정론TV,뉴스/정치/사회,860000,284620000,3282
880,랭킹스쿨,미분류,860000,573520000,994
883,남순 NS,BJ/인물/연예인,860000,968100000,3676
885,복지마블TV [Welfare Marble],미분류,860000,127060000,628
884,서담 seodam,음식/요리/레시피,860000,192710000,418
889,VIVINOS,미분류,860000,115590000,44
886,윤쨔미 YoonCharmi,패션/미용,860000,246500000,377
888,(MUTUBE)와꾸대장봉준,BJ/인물/연예인,860000,959850000,7805
887,빨강도깨비,영화/만화/애니,860000,365090000,358
890,MBC WORLD,음악/댄스/가수,860000,652060000,5158
893,CookieRun: Kingdom,미분류,850000,111870000,302
892,유 퀴즈 온 더 튜브,미분류,850000,536970000,4499
891,울산큰고래 박성주,게임,850000,749220000,3702
895,동심파괴,교육/강의,850000,386630000,768
894,머독방송,게임,850000,992260000,11876
899,조충현,미분류,850000,344320000,715
896,HOLLAND,음악/댄스/가수,850000,32610000,38
898,밍모,게임,850000,656160000,2650
897,HEADLINER,음악/댄스/가수,850000,226960000,208
901,쿡피아 Cookpia,미분류,850000,158640000,286
900,TVING,미분류,850000,1358420000,7891
902,스튜디오 룰루랄라 디랩 - SLLDLAB,TV/방송,850000,369440000,1386
903,Mimine Miniature 미미네 미니어처,취미/라이프,840000,182340000,188
904,말랑이랑 with a malang,키즈/어린이,840000,561330000,706
906,공구왕황부장,취미/라이프,840000,259530000,638
905,펜앤드마이크TV,뉴스/정치/사회,840000,165820000,2046
908,ROKSEAL,미분류,840000,152530000,230
907,라이프타임,TV/방송,840000,362070000,2150
909,JUNTV,미분류,840000,76330000,314
913,정라레_Lifestyle Doctor,미분류,840000,158780000,579
912,인생84,미분류,840000,93060000,124
910,OFFICIAL EPIK HIGH,음악/댄스/가수,840000,448700000,259
911,이재명,뉴스/정치/사회,840000,186650000,2332
915,영자씨의 부엌Young-Ja's Kitchen,음식/요리/레시피,830000,257550000,1580
914,Jella젤라,패션/미용,830000,66920000,241
916,달려라치킨 Dalchi,취미/라이프,830000,223160000,676
917,CU [씨유튜브],미분류,830000,232680000,651
920,MBC PD수첩,뉴스/정치/사회,830000,394220000,2585
919,TSENT2008,음악/댄스/가수,830000,396780000,445
918,UNA 유나,패션/미용,830000,72740000,179
922,Enjoy Toys Shin,키즈/어린이,830000,374590000,247
921,smile -wA-,TV/방송,830000,521350000,5423
924,빨간내복야코,미분류,830000,662480000,304
923,k,TV/방송,830000,636170000,0
926,미션 파서블,미분류,820000,175940000,229
925,무비콘 애니,영화/만화/애니,820000,316130000,939
928,• m i n a m o c h i •,음악/댄스/가수,820000,365620000,102
927,뽐뽐뽐,음식/요리/레시피,820000,88010000,330
929,이봉규TV,뉴스/정치/사회,820000,554060000,8176
930,로봇알포 ARPO The Robot,키즈/어린이,820000,315390000,623
931,[공식] 새날,뉴스/정치/사회,820000,695560000,8814
934,조나단,미분류,820000,151820000,210
933,전인구경제연구소,주식/경제/부동산,820000,122170000,1126
932,VICTON 빅톤,음악/댄스/가수,820000,241660000,983
935,테드TV,게임,810000,853350000,2834
937,ToyCheff,키즈/어린이,810000,406330000,467
936,김성회의 G식백과,게임,810000,240210000,435
938,PinkFongFongToys [핑크퐁퐁토이즈],키즈/어린이,810000,200000,1
940,놀면서 배우는 심리학,미분류,810000,118880000,459
939,청정구역,미분류,810000,410680000,1038
943,SMP FLOOR,미분류,810000,131810000,288
942,천재견 사월이sawol,미분류,810000,221980000,207
941,임한올 Hanol Rim,미분류,810000,121450000,169
945,트래블튜브,TV/방송,810000,726460000,1598
944,수탉,게임,810000,497530000,1706
946,THE NEW SIX (TNX),미분류,810000,86280000,468
949,깨방정,미분류,810000,362680000,497
948,Jenny Yun,음악/댄스/가수,810000,129860000,582
947,JK 아트사커 온라인,스포츠/운동,810000,663420000,730
951,카카오프렌즈 KAKAO FRIENDS,미분류,800000,466380000,558
953,ZICO,미분류,800000,427530000,138
952,ZombieDumb,키즈/어린이,800000,429030000,810
950,속삭이는몽자,애완/반려동물,800000,237070000,565
954,Troom Troom Kr,키즈/어린이,800000,552160000,2589
957,순자엄마,미분류,800000,403340000,645
956,KBS역사저널 그날,TV/방송,800000,344490000,3399
955,가로세로연구소,뉴스/정치/사회,800000,22660000,371
959,Sechi,영화/만화/애니,800000,295560000,385
958,areumsongee아름송이,패션/미용,800000,79170000,269
961,잠골버스,미분류,800000,224040000,495
960,Ace Art 에이스 아트,키즈/어린이,800000,413400000,898
963,Jin & Juice,미분류,800000,191040000,302
962,TOP MEDIA,미분류,800000,232740000,553
964,DKDKTV,음악/댄스/가수,790000,208450000,1412
968,김지윤의 지식Play,미분류,790000,70440000,212
967,DAWN,미분류,790000,77450000,49
969,당신이 몰랐던 이야기,미분류,790000,220890000,532
966,찬우살이,TV/방송,790000,33540000,196
965,키미 Kimi,음식/요리/레시피,790000,57940000,76
972,어썸코리아 Awesome Korea,미분류,790000,634880000,1250
971,옆집언니 최실장 stylist unnie,미분류,790000,148030000,681
970,Heejoo 희주,패션/미용,790000,22990000,127
975,두치와뿌꾸,게임,790000,1633390000,14877
974,마재TV,게임,790000,568130000,3587
973,연다,게임,790000,642580000,2400
976,애니한TV AnnieHanTV,키즈/어린이,790000,878770000,1897
977,핫챌린지,TV/방송,790000,54060000,51
979,쿠쿠크루 - Cuckoo Crew,BJ/인물/연예인,780000,549270000,884
978,sissel,미분류,780000,32030000,257
981,밉지않은 관종언니,미분류,780000,239510000,331
980,국방TV,뉴스/정치/사회,780000,831630000,13044
983,CL,음악/댄스/가수,780000,66130000,5
982,원지의하루,국내/해외/여행,780000,145580000,351
984,핫소스,미분류,780000,377950000,304
986,BRANDNEW MUSIC,음악/댄스/가수,780000,432470000,1488
985,EBS 컬렉션 - 사이언스,애완/반려동물,780000,306130000,1813
987,휴먼스토리,미분류,780000,274740000,293
988,123 GO! Korean,미분류,770000,312040000,557
989,하알라,미분류,770000,272690000,368
992,MBC 미스터리 : 심야괴담회 X 서프라이즈,TV/방송,770000,434970000,3148
991,제이제이,TV/방송,770000,270830000,731
990,솜이네 곰이탱이여우,애완/반려동물,770000,531250000,1803
994,tweety 트위티,TV/방송,770000,151990000,275
993,UTZI웃지,영화/만화/애니,770000,6500000,13
995,뉴스데일리베스트,뉴스/정치/사회,770000,247370000,2944
997,성창경TV,미분류,770000,1196450000,18314
996,빅페이스 BIGFACE,미분류,770000,183120000,142
998,꾸삐KUPI,키즈/어린이,770000,570580000,986
1000,서은이야기 [V-log],키즈/어린이,770000,298990000,628
999,LDF TV by lottedutyfree,TV/방송,770000,656800000,1517
